Barcode,Row,Filename,Total,NoRadTag,LowQuality,Retained
ATCTCGC,F,026OPBR,308060,163907,9217,134936
CCTCAGGC,C,083WAWA,15231372,7716670,572312,6942390
GGAATTGC,H,127KEWA,76340,40538,2557,33245
TATGGCC,F,317SPBR,1092734,567562,39414,485758
GGAATTGC,G,324HNNZ,2194,1431,51,712
CCTCAGGC,A,387CRDQ,518,516,0,2
CCTCAGGC,B,401RYNA,198,195,0,3
CCTCAGGC,D,aqui5015,11573572,5819185,425133,5329254
GGAATTGC,B,arach106,65862,37424,2097,26341
TTACC,E,arach1133-2,4375576,2225720,162802,1987054
TTACC,F,arach1141-6,2412514,1235440,88731,1088343
CCTA,G,arach1285-1,34006298,25587068,650515,7768715
TTACC,A,arach1285-10,752406,384502,27592,340312
CCTA,H,arach1293-10,5150388,2825220,172298,2152870
CCTA,B,arach1611-1,15640544,8008889,579828,7051827
CCTA,C,arach1611-3,5721570,3125251,196094,2400225
AACT,H,arach1624-2,5112,5035,15,62
CCTA,A,arach1629-1,6506814,3405385,234919,2866510
ATCTCGC,E,arach1643,10493060,5290431,333985,4868644
ATCTCGC,B,arach1648,255294,134516,7804,112974
AACT,D,arach1654-7,2094482,1156793,69101,868588
AACT,A,arach167-4,4538832,2334637,171273,2032922
AACT,E,arach1670-1,5534406,2967965,201408,2365033
AACT,F,arach1685-4,7083620,3672408,257890,3153322
AACT,G,arach1685-6,7224694,3770759,266266,3187669
AACT,B,arach169-8,5566966,2893586,203550,2469830
CCTA,D,arach205-10,3947468,2143857,132958,1670653
CCTA,E,arach205-2,8602358,4576929,304636,3720793
CCTA,F,arach205-7,8412040,4358166,305571,3748303
ATCTCGC,G,arach2092,130936,68683,4158,58095
ATCTCGC,C,arach2128,12814440,6435064,409528,5969848
ATCTCGC,A,arach2664,113848,58731,3461,51656
AGACGT,B,arach2837,30758,22662,618,7478
AGACGT,C,arach2838,50,41,1,8
CCGATC,G,arach292,7221422,3648196,275454,3297772
ATCTCGC,H,arach3273,10232,6404,253,3575
TTACC,G,arach379-1,4788660,2453255,179909,2155496
TTACC,H,arach379-8,3710034,1867715,136603,1705716
GAGGT,A,arach410-1,3980688,2105996,141959,1732733
GAGGT,F,arach437-1,3611632,1935573,126744,1549315
GAGGT,G,arach437-9,3282286,1811412,113309,1357565
CCGATC,F,arach4398,332112,180083,11366,140663
GAGGT,H,arach457-6,5682552,2998254,199360,2484938
TATGGCC,A,arach8241,6140370,3100137,229602,2810631
CCGATC,H,arach905,5189090,2624921,190713,2373456
CCGATC,C,camp1,174,174,0,0
GAGGT,D,camp3785,5001908,2729184,167520,2105204
GAGGT,E,camp3791,180884,116588,4915,59381
CCTCAGGC,F,cau1846-2,174436,96505,5864,72067
CCGATC,E,glab105,2131844,1081418,79496,970930
CCGATC,D,glab1375,8052,7051,72,929
CCGATC,A,gry17376,174,168,0,6
AGACGT,E,gry290,9147056,4729863,335669,4081524
GGAATTGC,D,gry2932,47436,37911,693,8832
GGAATTGC,E,gry321,462,450,0,12
CCGATC,B,gry3509,206,203,0,3
GAGGT,B,gry404-3,3655840,2017086,124221,1514533
GAGGT,C,gry404-5,6678760,3533164,238755,2906841
GGAATTGC,A,gry4508,2224808,1130190,82794,1011824
TATGGCC,H,gry4547,12,11,1,0
TTACC,B,gry509-10,10150128,5151343,379881,4618904
TTACC,C,gry509-2,8815934,4511358,326469,3978107
TTACC,D,gry509-6,608686,323868,20878,263940
TATGGCC,G,harp12783,158450,94308,4884,59258
AGACGT,F,harp1623,11315644,5856438,412990,5046216
GGAATTGC,C,harp868,202,107,4,91
AGACGT,G,harpP1,1156118,678280,37009,440829
AGACGT,H,harpP2,7020310,3622718,252166,3145426
GGAATTGC,F,paedo1942,63834,43493,1496,18845
TATGGCC,B,paedo2218,41284,30397,846,10041
TATGGCC,C,paedo2570,11666216,5904837,435629,5325750
TATGGCC,D,paedo3328,137502,75554,4540,57408
AGACGT,A,paedo356-4,52560,44926,606,7028
AACT,C,paedo361-10,606478,505486,7752,93240
ATCTCGC,D,paedo3844,2278372,1147547,71021,1059804
AGACGT,D,ruf5014,56076,37983,1341,16752
TATGGCC,E,wolf-1001,1612696,840065,57855,714776
CCTCAGGC,E,wolf-1002,17490402,8840655,656459,7993288
